FirstName,LastName,Address,Salary,Age
Julie,Rowe,39266 Elizabeth Port Petersenfort. OR 97542,94000,26
Diana,Chandler,18521 Warren Meadow South Pamelaberg. NJ 59916,79000,48
Zachary,Myers,416 Cochran Village Suite 075 Batesmouth. TX 55361,36000,40
Jennifer,Randall,7602 Steven Island North Jonland. IA 44810,48000,44
Thomas,Griffith,4492 Nicholas Keys Suite 340 South Frank. CA 36464,96000,22
Dustin,Gregory,37477 Jones Island West Mariah. ID 90043,32000,68
William,Robles,2656 Reese Prairie Apt. 663 West Rachelfurt. MS 40308,50000,48
Monica,Bennett,18852 Ortiz Crossroad Bellview. MD 27319,86000,43
Michael,Mills,529 Austin Shore Suite 269 Lake Jenniferland. DE 55660,80000,42
Kelsey,Duncan,188 Hatfield Landing Apt. 186 Marshallhaven. CA 64004,101000,37
Angela,Pena,848 Fowler Dale Apt. 695 North Chris. NC 38912,63000,43
Jonathon,Stewart,584 Sandra Estates Port Jamesmouth. VA 72623,33000,42
Kristie,Collier,56356 Lauren Garden Suite 433 North Mariahaven. ID 57911,45000,29
Scott,Fleming,53576 Rhonda Glens Apt. 872 East Matthew. CT 24771,79000,31
Elladora,Ketteridge,505 Patton Prairie Lake Shanefurt. IN 27631,91000,41
Benjamin,Hunt,06802 Webb Glens Suite 458 Warnerland. CT 60128,31000,37
Nellie,Bertram,9008 Friedman Summit New Anthony. VA 60483,65000,39
Logan,Lewis,138 James Trail Armstrongberg. IL 41115,60000,29
Kerri,Lopez,132 Michelle Wall Livingstonberg. WY 40112,76000,36
Lisa,Salazar,1177 Chandler Path Apt. 795 Richardshire. OK 11819,50000,33
Cormac,McLaggen,Unit 3834 Box 8194 DPO AE 00746,80000,25
Joshua,Smith,9954 Robert Trail New Maryport. MO 68250,47000,26
Jonathan,Mcguire,56270 Walters Club Montoyamouth. MD 43389,34000,19
Kristen,Mays,658 Walters Springs Apt. 916 Jacquelineburgh. OR 14798,48000,41
Sharon,Lee,024 Moore Cape East Virginia. NV 91758,85000,40
Susan,Hall,44997 Carlson Lake North Carolfort. WA 38296,95000,21
Breanna,Clark,5986 Torres Mountain Suite 074 Rossfort. KY 80727,49000,37
Michael,Johnston,022 Ford Square Apt. 637 Castroville. WY 60164,31000,53
Anthony,Taylor,63132 Gray Ports Taratown. LA 15955,66000,22
Thomas,Reed,332 Baker Bypass West Kristineburgh. TX 61237,80000,19
Melinda,Bobbin,80923 Scott Pine Apt. 783 East Rachelhaven. KY 99127,85000,38
Kerri,Roberts,12005 Davis Estate Stewartfort. TX 92527,72000,53
Stephanie,Savage,4882 Vincent Overpass Holmesmouth. GA 99094,52000,45
Julie,Barrera,128 Kelley Stream Lake Kevin. PA 66888,32000,19
Jacob,Willis,08834 Russell Road Stevenstad. MO 33293,83000,52
Colton,Sosa,96204 Smith Plains Apt. 848 Lake Justinstad. VA 24219,51000,50
Angela,Kemp,2337 King Landing New Kimberly. AL 22645,62000,64
Sarah,Long,331 Zachary Spring Apt. 812 West Jessicaville. VT 42030,57000,61
Pamela,Smith,200 Bruce Manors Suite 075 Tylermouth. WV 78969,84000,29
Stephanie,Brown,13939 Sara Views Port Brookeburgh. IN 67359,55000,36
Cynthia,Cervantes,447 Woods Land South Christophershire. MA 80134,39000,51
Caitlin,Miller,589 Contreras Corners West Aaron. AR 68641,96000,18
Mike,Blackwell,976 Smith Bypass Apt. 231 West Jennifermouth. WV 29200,32000,39
Grizel,Hurtz,37916 Johnson Extension Lake Theresaside. UT 51212,50000,19
Mark,Ramirez,6090 Sara Knolls Suite 620 South Adrienne. CO 02926,46000,18
Tonya,Wagner,406 Kevin Crossing Christinafurt. NM 42211,43000,31
Emily,Goodwin,76286 Aaron Forest Lake John. IN 66302,83000,52
Alexandria,Santiago,958 Evans Bridge Apt. 645 Smithside. NE 82806,84000,34
Christine,Brown,27463 Vargas Points North Nicholasfurt. ID 62133,60000,25
Jennifer,Johnson,204 Timothy Trafficway Jonathonshire. SC 97841,110000,30
Angela,Fisher,0484 Burgess Harbor Suite 664 Walkermouth. NV 80547,54000,41
Michael,Walters,7290 Vincent Union Suite 251 Port Branditown. SC 94789,131000,32
Phillip,Mathews,851 Johnson Locks Apt. 641 Elainestad. OR 38433,30000,37
Elizabeth,Martin,926 Mendoza Crossing Suite 618 Blackborough. AZ 58930,73000,35
Rebecca,Stevens,64717 Crystal Ridge Jonshire. ME 65273,83000,43
Natalie,Lyons,USS Johnson FPO AE 24059,61000,18
Michael,Taylor,48560 Dyer Isle North Normanmouth. ND 50598,60000,54
John,Patrick,367 Megan Via Schwartzville. CO 55984,51000,21
James,Davis,243 Smith Course Suite 886 West Rhondaport. IL 09863,36000,38
Deborah,Dunn,11543 Swanson Plaza Suite 843 East Emilymouth. FL 61200,36000,20
Erin,Robinson,23705 Kyle Pine West Emily. DE 47777,111000,27
Kelly,Mcdowell,00146 Alejandro Stravenue Port Matthew. SC 37171,62000,24
Tammy,Barker,8240 Smith Walks Suite 004 Lake Kennethfort. PA 34059,55000,19
Barbara,Fuller,48109 King Stream Apt. 843 Jacksonburgh. IL 37134,62000,52
Douglas,Jackson,950 Steven Expressway East Aliciafort. ID 38596,81000,46
Elizabeth,Crawford,Unit 0842 Box 0445 DPO AP 28215,32000,34
Taylor,Price,943 Holland Meadows Suite 649 Davidburgh. RI 75135,142000,22
Todd,Lopez,USNV Moore FPO AA 36986,95000,24
Jessica,Smith,241 Preston Crossing Apt. 806 Sabrinaport. CO 76115,51000,34
Brandon,Black,629 White Plains Taylorfurt. FL 73557,47000,20
David,Wallace,523 Baker Tunnel West Kennethmouth. RI 99373,52000,46
Daniel,Moran,9465 Glover Crossing Apt. 842 Port Heidimouth. RI 41820,60000,29
Jessica,Hall,58924 Stephen Islands Apt. 151 West Lisa. NC 18209,42000,22
Alecto,Carrow,554 Gray Tunnel Apt. 005 West Catherine. GA 87029,113000,25
Brenda,Sandoval,9205 Livingston Flat Rachelmouth. DE 24309,64000,26
Jacqueline,Onassis,14736 James Common Hernandezport. HI 19206,35000,27
Melissa,King,5464 Sarah Bypass Suite 624 West Shaneview. KS 03739,123000,18
Travis,Aguilar,63168 Wesley Cape Port Mariahport. TX 11111,38000,26
Tammy,Thomas,2477 Christensen Spurs West Samantha. MS 34718,43000,46
Cheryl,Bowers,110 Mayo Viaduct Apt. 363 Port Stephen. DE 00590,39000,31
Kristina,Fuentes,4405 Julie Ford Daletown. LA 00617,42000,31
Rodney,Hammond,993 Robin Coves Melissaville. TX 87664,75000,31
Breanna,Bradley,7848 Ellis Ranch Suite 456 Lake Aaron. ID 66619,84000,35
Gregory,Benson,76843 Petersen Island Suite 097 North Jason. WI 26398,68000,35
Alan,Reynolds,27823 Foster Ports South Patrick. CO 15329,44000,29
Rick,Bryant,7458 Nicholas Camp Burtonville. CA 20949,50000,55
Karl,Jenkins,PSC 1658. Box 2868 APO AA 10308,58000,26
Michael,Walker,99199 Allen Mountain Apt. 818 Sherriview. AR 88821,83000,20
Laura,Wright,9096 Michael Tunnel Suite 499 Simmonsport. IN 53434,102000,38
Quentin,Trimble,156 Samuel Trail Apt. 476 South Johnburgh. WA 17077,39000,31
Rachel,Lyons,87460 Love Inlet Apt. 218 New Shannon. KY 27800,123000,28
Michael,Hudson,15479 Timothy Stream Justinhaven. IA 17297,118000,30
Jason,Thomas,78565 Danielle Pine Apt. 959 Combsbury. NY 87160,56000,33
Christine,Evans,63241 Castaneda Ridge Cookborough. CO 63070,91000,24
Christine,Johnston,614 Khan Skyway West Christinamouth. NC 14770,49000,43
Benjamin,Brown,70491 Christine Loop South Martinfurt. AL 21906,52000,40
Laurie,Frey,5293 Holder Springs Robertsontown. HI 52916,56000,40
Melissa,Jones,80781 Anita Circle Apt. 774 Rodriguezborough. NJ 40938,78000,26
Lori,Howell,7228 Jordan Isle Apt. 646 South Alyssa. CA 21351,73000,27
Keith,Ford,285 Smith Station Apt. 359 South Lisa. OK 61923,31000,27
Richard,Hicks,USNV Roberts FPO AA 86458,44000,32
Katrina,Roach,493 Wayne Green Suite 980 Jameston. KS 09839,98000,31
Marc,Collins,84527 Dunn Valley Suite 790 Mullinsburgh. FL 79146,37000,32
Thomas,Mckinney,76799 Mark Avenue Kaitlinstad. IA 81073,78000,54
John,Romero,05707 Bean Avenue Apt. 723 New Douglasland. KY 73950,131000,19
Todd,Cortez,643 Everett Knolls Apt. 638 New Melissaland. CA 73774,97000,52
Paul,Monroe,6857 Cameron Hills Suite 937 Jessicastad. NV 89876,114000,33
Lori,Robertson,67976 Freeman Cliff Jamesshire. MD 68861,74000,32
Blenheim,Stalk,104 Tara Club Justinchester. MS 63756,32000,24
Sheila,Adams,29756 Joel Trace Apt. 237 East Antoniomouth. DE 36355,44000,28
Christopher,Cook,USNV Murphy FPO AA 30823,34000,45
Amy,Garcia,7921 Parsons Rapids Brownbury. WI 52186,46000,32
Lennox,Campbell,75033 Kent Brook Thompsonfurt. HI 90480,34000,41
Crystal,Smith,0221 Amanda Port West Michael. ND 81352,92000,25
Candice,Hess,027 Young Lodge Apt. 878 Antonioview. VT 07964,45000,29
Robert,Glover,Unit 8203 Box 8758 DPO AP 67309,107000,51
Jonathan,Ford,832 Stark Pine West Laura. KY 45526,32000,34
David,Wilson,781 Watts Ports Suite 372 Mccluremouth. GA 30972,52000,43
Scorpius,Malfoy,012 Crosby Mall Apt. 779 Codyton. AR 66573,30000,60
Michelle,Aguirre,1100 Hill Village East Nicoleshire. KY 47311,55000,36
Charlotte,Lee,7383 Johnson Pike Apt. 365 Justinfort. OH 89492,82000,49
Mark,Pace,371 Jill Fort North Tiffanystad. TN 45523,56000,32
Jerry,Cowan,505 Juan Centers Apt. 763 South Christopherport. AR 06146,61000,62
Benedita,Dourado,2344 Johnson Way New Ryan. IN 21362,122000,22
Joshua,Miller,USNS Gonzalez FPO AA 18077,33000,38
Michael,Wilson,59422 Amanda Spring East Haroldstad. MO 02977,45000,39
Glenda,Ochoa,059 Hill Meadows Apt. 241 Maysside. ME 86500,56000,60
Jennifer,Bell,277 Evans Plaza Suite 322 Erikaborough. IN 98010,64000,19
Beth,Valencia,545 Fisher Throughway Suite 589 Nicholastown. TN 07550,37000,24
Kevin,Oneal,92737 Stewart Lakes Suite 691 South John. IN 27486,47000,18
Alvin,Jones,697 Griffith Crossroad Powellmouth. MN 70643,47000,39
Michelle,Mendez,11011 Alvarez Tunnel Port Austinmouth. HI 56178,31000,32
Dunbar,Oglethorpe,334 Kristen Locks Apt. 842 Port Laurenhaven. MI 46624,56000,24
Ashley,Gonzalez,1910 Carter Pine Lake John. LA 98089,35000,39
Becky,Daniels,0479 Shaw Field Gonzalezchester. NH 01500,111000,49
Jeffery,Lyons,2212 Joshua Mills Smithstad. MO 15410,72000,39
Andrea,Carter,09383 Williams Views Joycefort. MI 94444,52000,30
Joseph,Brown,3820 Troy Roads East Bobby. AK 57983,109000,32
Douglas,Campbell,Unit 1159 Box 6730 DPO AA 11048,89000,22
Danielle,Elliott,USNS Hanson FPO AP 01401,38000,21
Cassandra,Williams,85941 Turner River Lake Brendaside. TX 28442,50000,20
Darryl,Key,17736 Joshua Brook Suite 590 Port Tonyport. SD 73400,107000,24
Monica,Kaufman,7444 Heather Mountains Apt. 164 Lake Kaitlin. SD 99236,43000,36
Krista,Maxwell,2196 Stephanie Mountains Apt. 424 Danielchester. MI 85577,37000,27
Abigail,Moreno,593 Harrison Fork Connorfort. MO 71615,67000,29
Taylor,King,USS Pearson FPO AE 53227,32000,22
Jose,Chung,9563 Melissa Pass Apt. 415 Thomasborough. ID 80172,88000,36
Kimberly,Becker,5757 Theresa Cliff Melissaside. IN 39244,85000,31
Anthony,Adkins,4026 Amanda Place Breannaburgh. LA 91389,30000,22
Nikola,Vassileva,74173 Alvin Mall Klineborough. AR 69656,79000,24
Derek,Ryan,PSC 2757. Box 1235 APO AP 79620,99000,46
Ricky,Sweeney,5350 Zachary Square Suite 500 West Ginamouth. MS 94361,59000,38
Eric,Price,80561 Kevin Forges Suite 796 Franciscomouth. WA 54179,40000,29
Ulick,Gamp,5421 Griffin Square North Michael. GA 25405,82000,18
Kathryn,Jenkins,71834 Shaw Stravenue Suite 155 New Saratown. CA 26287,75000,32
Joanna,Gonzalez,362 Katherine Cliffs Suite 981 West Misty. ND 88089,108000,31
Alejandra,Alonso,080 Mark Village Port Brian. OR 64369,92000,33
Philip,Maldonado,164 Mcintosh Via Suite 628 Williamsville. CT 60946,53000,23
Amelia,Earhart,166 Brett Parks East Gregorystad. AL 84814,72000,49
Vanessa,White,48859 Taylor Centers Apt. 889 Kaylabury. AK 40074,40000,55
Jamie,Bass,602 Sandra Mission North Lindaburgh. AK 90858,60000,61
Jennifer,Anderson,61676 Williams Drive Suite 836 Roseshire. CT 42256,75000,30
Sandra,Wright,2208 Alexa Expressway Tammyport. OH 52031,38000,19
Barbara,Park,5672 Tami Bypass Apt. 486 Port Danielchester. MS 34699,71000,54
Tammy,Harris,59388 Pope Alley Michaelchester. RI 70154,110000,37
Jerry,Sullivan,14716 Durham Divide Suite 892 Lake Joshua. DE 22591,130000,45
Theodore,Nott,67570 Goodwin Pass Apt. 866 South Kristinbury. SD 46619,50000,42
Stephen,Chavez,60055 Melody Viaduct New Jenniferhaven. AZ 74901,60000,46
Percy,Weasley,561 Barron Cove Suite 095 Malikmouth. OH 34045,42000,21
Percy,Weasley,2528 Nelson Crest Suite 877 North Sarahstad. NY 82565,43000,20
Kelli,Hoffman,PSC 5473. Box 4038 APO AE 20030,36000,46
Blake,Cruz,15606 Brett Creek Apt. 516 Christineburgh. TX 35905,94000,57
Erin,Long,PSC 0511. Box 1426 APO AE 79791,30000,27
Mary,Rodriguez,13503 Martin Extensions Suite 703 Lake Lindsey. CT 43830,88000,19
Justin,Fisher,10543 Daniel Village Apt. 424 Bateschester. OH 10135,33000,21
Bruce,Davis,685 Mark Junctions New David. ME 41854,30000,36
Kelly,Gallagher,4818 Douglas Green Suite 474 Port Jamesbury. ND 35830,40000,23
Andrea,Walker,79220 Kimberly Ferry Smithfort. RI 33652,70000,57
Charles,Evans,7000 Mariah Inlet Suite 631 Novakfurt. KS 43193,49000,51
Becky,Summers,38107 Charles Ridges Suite 289 Carlabury. KY 88780,101000,38
Troy,Smith,581 Jeremy Plains Apt. 475 Briannatown. MN 35832,86000,35
Nicole,Johnson,86424 Thomas Oval Apt. 789 West Victor. ND 85441,114000,22
Julian,Martin,615 Zachary Isle Suite 945 Brandonburgh. MS 28110,75000,29
Lori,Bond,Unit 5448 Box 8605 DPO AE 23663,36000,19
James,Williams,965 Morales Plains Suite 731 Veronicaport. AR 60103,123000,32
Ellen,Rivera,80182 Johnson Place Jonesstad. VA 89551,75000,29
Ellen,Wade,5225 Stephanie Plains Roberthaven. FL 25172,128000,62
Kelly,Sparks,36704 Michelle Ridges Suite 512 North Amystad. TX 31501,78000,19
Augustus,Rookwood,519 Laura Point New Andrew. NJ 99667,88000,46
Paul,Blackburn,43540 Pamela Park South Allisontown. AZ 10169,73000,19
Maria,Mcclain,2042 Blake Islands Apt. 781 Port Diana. OK 04234,59000,53
Diana,Fitzpatrick,30152 Davila Street South Christophertown. CO 36169,57000,34
Kirk,Hodge,7069 Smith Rue Apt. 776 Gallowaymouth. DC 53266,33000,26
Megan,Perez,411 Day Avenue Lake Melissa. CT 97795,64000,34
Michele,Reyes,8565 David Heights Julieside. CT 99778,46000,19
Erin,Arnold,2575 Williams Lights West Nathan. NM 43041,30000,28
Anne,Berry,406 Preston Road Davidmouth. MN 17111,98000,34
Brandon,Dominguez,085 Williams Meadow Zimmermanmouth. WA 16524,61000,30
Tracey,Roberts,2991 Castillo Trail Apt. 581 Johnsonfurt. ID 04875,126000,47
Curtis,Chen,PSC 8557. Box 5871 APO AA 31697,30000,41
Crystal,Stewart,USNS Gonzalez FPO AP 06074,45000,62
Richard,Alexander,909 Angela Unions Peggybury. WV 18379,112000,43
Samuel,Foster,675 Jason Ramp South Omar. HI 90693,38000,41
Catherine,Perry,306 Mccoy Coves Apt. 125 Jacksonmouth. MI 49905,47000,45
Travis,Maxwell,69222 James Springs Suite 915 Lake Saraport. PA 91773,45000,44
Pius,Thicknesse,38098 Thomas Parkways Suite 969 Port Curtis. AK 58954,63000,19
Robert,Harper,3246 Jones Rest Suite 098 Judymouth. RI 77981,69000,46
Sandra,Carroll,51521 Desiree Corners Suite 928 West Lynnmouth. WA 03144,42000,23
Jennifer,Long,USNV Powers FPO AE 31343,146000,38
Carl,Lewis,32533 David Viaduct New Kelsey. NE 26962,31000,33
Alex,Hicks,37367 Hogan Ridge North Leonburgh. CA 82076,95000,49
Daniel,Rose,1426 Isaac Hollow Apt. 392 South Brian. GA 48568,65000,48
Jennifer,Walker,49083 Myers Mountain Sparksburgh. OR 65716,56000,57
Lynn,Miranda,4133 Brent Ridges Martinstad. MS 50791,48000,47
Michael,Mann,14303 Angel Estates Suite 669 Jillview. TX 48614,51000,47
David,Lyons,391 Hudson Isle Apt. 909 North Elizabethland. VT 96755,148000,40
Richard,Hunter,15656 Warren Vista Apt. 153 Lauraton. NV 95967,30000,30
Michael,Burton,8043 Stacy Summit Apt. 989 Pamelaland. MD 29654,56000,45
Bill,Weasley,812 Miller Skyway East James. AL 08654,47000,24
Erin,Murphy,41732 Nguyen Parkway Beckville. VT 01727,95000,38
Luis,Hinton,262 Stephen Fields South Emilyside. KS 59891,55000,24
Georgios,Xenakis,29575 Stephens Highway Apt. 324 Brianview. WA 63551,115000,24
Gladys,Gudgeon,978 Megan Highway Suite 636 Lake Angelaberg. DE 57446,44000,51
Michael,Diaz,08699 Patricia Underpass Suite 926 Jacquelineberg. HI 56321,93000,34
Carrie,Cabrera,565 Gary Burgs Apt. 892 South Nicoleberg. NH 47535,134000,23
Samantha,Paul,2354 Smith Meadow Apt. 077 New Michael. GA 30943,71000,55
Kelly,Rangel,7673 Solis Shoals Apt. 762 North Brittanyfort. ID 07931,43000,29
Christopher,Smith,7189 Mary Summit Suite 256 Fredericktown. MI 33819,50000,24
Ted,Tonks,662 Cruz Track East Danielchester. WY 74278,59000,56
Steven,Boyd,USNV Irwin FPO AA 94237,50000,19
Robert,Johns,1464 Joseph Cove Suite 323 Port Lindseyview. MA 28635,53000,59
Heather,Rodriguez,PSC 5190. Box 7369 APO AE 94307,88000,45
Tami,Chen,3731 Contreras Spur Apt. 378 East Paul. IA 94492,107000,40
Timothy,Pennington,299 Davis River Suite 596 Millerside. DC 29021,91000,23
Steven,Cardenas,9218 Cooper Skyway Suite 750 West Sharon. HI 47931,96000,31
Kimberly,Martinez,2824 April Island New Kevin. FL 12128,31000,50
Laura,Simon,396 Taylor Causeway Laurenhaven. MD 05472,122000,46
Kiara,Ochoa,1213 Steve Plaza Apt. 518 Allenburgh. SC 84806,74000,25
Seth,Scott,187 David Trail New Jamesshire. TN 35006,123000,58
Christopher,Brown,249 Jake Turnpike Suite 369 West Jonathanbury. MD 24471,73000,33
Christina,Alvarez,34537 Ramos Viaduct Suite 646 Aguilarmouth. ND 91283,125000,23
Joseph,Johnson,1758 Perez Valley Apt. 512 Jamesmouth. TN 69306,97000,20
Derrick,Myers,58276 Waters Pike New Ashley. CA 84595,46000,52
Ottaline,Gambol,1319 Olivia Springs Suite 683 Port James. OR 69387,45000,42
Timothy,Smith,198 Marshall Shores Apt. 000 East Josephberg. SC 44056,59000,18
Cassandra,Jones,0558 Mcneil Rapid Lake Theresaborough. MT 84566,37000,50
Tabitha,Mendoza,359 Hooper Brook Apt. 643 Port Casey. KS 44615,75000,55
Over-Attentive,Wizard,1359 Hammond Roads Frankport. MO 17096,121000,18
Bryan,Phillips,543 Katherine Glens Morganview. IL 25344,74000,30
David,Salinas,14463 Santos Cliffs Apt. 626 Nancyfort. LA 81832,94000,35
Jasmine,Logan,760 Jones Canyon New Mary. CA 60106,35000,53
Jennifer,Jones,17732 Yoder Circle Apt. 655 Ronaldmouth. VT 86761,106000,28
Andrew,Jones,32717 Deborah Shores Suite 888 North Jason. SD 86980,54000,25
Andrea,Rhodes,96613 Luna Junction Suite 342 Port Antonioberg. TX 17695,58000,19
Lee,Mccoy,Unit 6137 Box 5314 DPO AA 70806,112000,62
Patricia,Henry,8594 Gina Mountains Martinezchester. KS 15930,37000,27
Heather,Brown,04967 Danielle Creek Suite 126 Edwardsmouth. WA 97272,91000,38
Heather,Figueroa,6966 Mary Harbor Suite 579 West Craig. HI 23069,129000,27
Andrea,Jackson,3658 Allen Harbors North Amandashire. NH 11232,94000,28
Jorge,Wright,21739 Waters Well Port Justin. WI 35446,51000,26
Andrew,Castro,9719 Tracy Mount Apt. 159 Port Melanie. OK 04663,33000,49
Colleen,Peterson,USCGC Neal FPO AE 44660,88000,31
Jason,Willis,89612 Chad Village Apt. 410 Port Adamshire. CT 56203,111000,22
Erica,Henry,1768 Acosta Orchard South Douglasland. NC 20555,48000,32
Jerome,Jones,6352 Jason Spur Suite 780 Anthonymouth. WV 94975,97000,24
Joshua,Johnson,PSC 3774. Box 8564 APO AA 75001,88000,30
Jodi,Ellis,156 Morgan Neck Jessicaport. NJ 59933,36000,28
Barry,Briggs,7163 Steve Rapid Port Lance. CT 21552,75000,30
Megan,Hancock,76824 Bender Well Langside. OH 87606,107000,49
Maria,Moore,62992 Torres Roads Brittneystad. IL 58941,91000,25
Ronald,Cole,17867 Renee Turnpike Christopherhaven. OR 72870,52000,54
Chad,Peters,33099 Tracy Burgs Suite 445 Sanfordberg. AR 71499,33000,41
David,Michael,PSC 8960. Box 0281 APO AA 58452,42000,24
Amy,Burns,769 Wright Corner Lake Amy. WV 59680,43000,32
Amy,Jones,USNS Bennett FPO AP 74832,74000,48
Lisa,Anderson,1552 Harvey Stream South Johnton. MT 36076,52000,32
Nicholas,French,651 Mark Hill Suite 653 Ryanbury. WA 02211,46000,49
Alexander,Ramirez,PSC 1234. Box 3334 APO AE 83056,71000,23
Dawn,Scott,401 Matthew Dale Adamfort. MD 66963,46000,24
Tanya,Soto,4918 Steven Field North Alexandra. CO 85822,31000,62
Claudia,Hernandez,2137 Shane Pines North Danstad. DC 80959,104000,18
Drew,Brown,29951 Julia Trail East Mistystad. MO 62679,41000,54
Janet,Bishop,6146 Austin Union Suite 212 West Louis. MS 25313,55000,47
Kyle,Cook,9171 James Trafficway Apt. 518 Bakermouth. AZ 25054,60000,51
Larry,Sullivan,4927 French Fall North Sherriview. NC 73861,51000,39
Kaitlin,Larson,69871 Kyle Village Apt. 150 Lake Danielside. ID 22045,125000,20
Valerie,Dennis,USNS Anderson FPO AA 80652,74000,33
Ferdinand,JÃ¤gendorf,0546 Kathryn Plain Suite 117 Lake Nicoleside. NE 80542,40000,24
Peter,Serrano,Unit 9254 Box 8509 DPO AE 28376,64000,24
Michele,Arnold,95916 Wilson Port Apt. 606 Port Julieview. CA 27948,48000,25
Scott,Miranda,851 Ramirez Drive Suite 878 Gallowayhaven. NM 65799,52000,56
Louis,Santos,6967 Brian Falls Suite 340 Kellymouth. UT 35337,43000,41
Thomas,Porter,23102 Dodson Field Suite 863 Bradleyhaven. WA 01050,61000,30
Thomas,Hess,080 Mathew Greens Apt. 777 West Jeffrey. UT 21653,42000,18
Carol,Whitehead,04900 Boyd Prairie Port Ruthfurt. NY 44591,57000,28
Richard,Gonzalez,934 Donna Street Suite 106 North Christineberg. AR 06096,67000,36
Ray,Ramos,326 Jones Rest Suite 050 South Kylie. HI 94292,103000,38
Ryan,Dunn,87331 Lopez Neck Suite 775 North Brendabury. TX 29406,128000,35
Sean,Mccullough,USNV Medina FPO AE 54782,146000,21
Anna,Hill,2407 Berg Plain Apt. 108 Davidmouth. FL 02483,110000,39
Michael,Montgomery,1805 Carmen Knolls Suite 376 South Jessica. MN 45414,112000,20
Paul,Barnett,656 Henry Drive Mariaton. IA 10889,93000,29
Christopher,Reed,USS Nguyen FPO AA 04999,49000,34
Sheila,Daniel,34214 Brown Tunnel Suite 212 North Heidi. NJ 02659,42000,41
Samantha,Lopez,09194 Thomas Circles Apt. 424 Sandovaltown. SC 96058,38000,18
Christina,Thomas,PSC 9040. Box 7089 APO AP 78414,37000,20
Michael,Bonilla,8628 Lewis Trail Apt. 882 South Timothy. IA 46935,32000,35
Kelly,Young,6252 Jones Plaza Brownmouth. MT 46018,34000,21
Amanda,Robertson,68250 Diane Forks Suite 578 Lake Kylefort. OH 16377,98000,37
Porteus,Knatchbull,38032 Parrish Road Suite 075 New Joshua. VA 63974,132000,36
Brittany,Bailey,8201 Brandon Fords Port Christinaville. VA 69158,118000,31
Cindy,Williams,Unit 7213 Box 2217 DPO AA 58430,32000,19
Sean,Moreno,44742 Christopher Fall Apt. 262 Chavezport. CA 37869,84000,52
Lennox,Campbell,USS Franklin FPO AE 72353,52000,20
Caitlin,Carter,665 Johnson Fords Port Aaronside. ME 32386,40000,19
Michael,Ross,24180 Aaron Junction Apt. 814 Taraborough. SC 71220,74000,22
Gloria,Cummings,1112 Alexander Hill Aliciamouth. SD 83343,134000,22
Franklin,Roosevelt,03941 Short Curve Karenside. DE 77311,49000,48
Ana,Trevino,8522 Trevor Cliff Jameschester. GA 48212,62000,41
Laura,Nixon,536 Leonard Gateway Apt. 861 Aimeeview. MN 84569,39000,59
Robert,Morrison,467 Wilson Lakes New Stevenmouth. MA 24506,91000,45
Russell,Maddox,968 Alexander Land Apt. 301 Matthewsmouth. ME 72859,91000,46
Tyler,Mathews,671 Tran Brook Jonesville. ND 01081,110000,36
C.S.,Lewis,8936 Acevedo Crest Apt. 357 Colleenchester. PA 49721,65000,49
Alison,Cortez,962 Brendan Streets Brandonland. WA 48479,100000,26
Amy,Rodriguez,1300 Nathaniel Stream Lake Emily. OH 62887,129000,47
Christopher,Mitchell,9636 Michelle Lane Apt. 498 Port Vincentberg. MI 66017,60000,65
Jennifer,Herrera,9389 Tiffany Circle Port Jerry. PA 11068,37000,27
Cynthia,Stout,45049 James Mills New Valeriebury. VT 81615,30000,35
Jennifer,Jordan,86559 Thomas Mills Port Bobby. ND 52818,48000,34
Lisa,Flowers,5456 Bowen Turnpike Suite 068 Port Ryanfurt. NE 54376,33000,21
Christopher,Park,0099 Williams Causeway Apt. 632 East Jesse. CT 73400,49000,25
Luis,Day,41445 Kevin Circles Suite 967 South Reginald. CA 98507,72000,37
Benjamin,Chung,357 Allen Highway Apt. 139 Lake Michaeltown. IA 30900,126000,35
Gloria,Allen,322 Stephens Course Joshualand. KS 72807,111000,27
Charles,Burch,41540 Garcia Path Apt. 745 Ericaburgh. WI 86032,41000,18
Rebecca,Gray,091 Dixon Canyon Suite 800 South Debra. HI 68412,57000,30
Brandon,Gonzales,313 Julia Circles Kylefurt. SC 02167,88000,21
Molly,Guzman,PSC 3677. Box 4219 APO AP 10532,109000,56
Jacob,Hoffman,02651 Mitchell Motorway Suite 183 Port Lisaton. NY 73713,33000,26
Quentin,Trimble,5617 Davis Common Apt. 324 South Erinton. MI 59965,97000,37
Danielle,Mcdaniel,003 Molly Forge Lisamouth. LA 92591,64000,48
Barberus,Bragge,002 Robinson Drive Apt. 945 Elizabethfort. AL 32121,89000,61
Narinder,Singh,8865 Campbell Gateway Grimesbury. IA 50143,73000,38
Jennifer,Smith,USS Higgins FPO AE 20113,64000,26
Shelley,Ingram,7386 Michael Summit Suite 751 Gonzalezberg. WY 59932,35000,43
Alejandro,Woods,9757 Shane Knoll Suite 271 Matthewmouth. UT 19499,58000,21
Amanda,Hughes,767 Garrett Mountain West Angelica. DE 01090,100000,50
Joe,Thompson,97869 James Neck North Michael. KY 83633,82000,26
John,Pittman,01450 Ricky Place Port Douglas. FL 94046,46000,40
Christopher,Johnston,183 Smith Route Apt. 381 Robertshire. NC 62801,99000,31
Kathryn,Rose,581 Michele Springs Karenview. GA 05220,37000,39
Aaron,Keller,265 Robert Mountains Melissaport. RI 54813,126000,32
Terry,Lane,18736 John Fields Shelleyfort. AL 01649,68000,30
Peter,White,Unit 2604 Box 2183 DPO AA 14810,126000,27
Susan,Hunt,1720 Beverly Trail New Emilystad. AZ 83889,82000,61
Alicia,Reed,36789 Mcguire Canyon Suite 332 Chapmanborough. IA 38833,115000,34
William,Coleman,5072 Gibson Stravenue Alexburgh. ND 24056,62000,25
Willie,Wright,5743 Robert Fields Richardsonville. OR 10005,77000,48
Stephanie,Williams,604 Kevin Garden Christietown. NY 92887,76000,20
Karen,Hull,093 Ortiz Terrace Charlottefurt. DE 50575,120000,25
Monica,Richards,14826 Eric Canyon Owensfort. WA 71797,37000,38
Deanna,Clay,25755 Wong Burgs Williamsbury. KS 93139,45000,19
Tyler,Smith,44660 Brown Center Apt. 079 West Jonathanfort. RI 08784,34000,40
Alejandra,Vasquez,593 Garcia Curve Apt. 469 East Kristen. DE 78610,43000,26
Heather,Kirk,USNV Tucker FPO AP 32086,43000,56
Curtis,Krause,876 Morgan Valleys Apt. 536 Tammieborough. ID 14213,91000,55
Cameron,Harrison,506 Sarah Trafficway West Matthewview. WY 58052,31000,23
Richard,Mullins,29347 Hernandez Manor Suite 217 Port Michele. WI 26764,46000,25
Kara,Barnes,736 Cross Cape East Raymond. TX 76253,59000,39
Monica,Velazquez,72709 Lane Mall Apt. 395 New Daniel. WV 86289,41000,18
Donald,Berg,601 James Isle Suite 717 Tamarafort. ND 10836,79000,38
Matthew,Bullock,5418 Marc Springs South Barbara. SC 39316,59000,27
Ashley,Schroeder,606 Baldwin Ridges Apt. 803 Loriside. DE 46484,64000,40
Alicia,Davis,58370 Philip Crest Smithmouth. OR 24544,48000,39
Donna,Rodgers,236 Anderson Crossroad Apt. 154 West Jason. GA 41715,95000,31
Seth,Tate,9676 Rodriguez Knoll North Dawnberg. CT 79954,62000,19
Jason,Adams,19765 Timothy Mountains Suite 140 South Michelle. OK 47120,115000,25
Megan,Ochoa,4417 Paul Underpass Suite 458 Robinsonland. NY 58128,45000,28
Robin,Cuevas,877 Mcintosh Avenue Juliefort. WA 23779,113000,27
Julie,Ramirez,102 Robert Pine Suite 706 Jeremymouth. RI 71276,54000,26
Danny,Rogers,305 Santiago Parkway Campbellchester. KS 78618,109000,34
Grace,Martin,Unit 7752 Box 6584 DPO AA 77744,145000,53
Gerald,Reyes,0922 Murray Ramp Suite 422 East Greg. DC 38847,110000,39
Yvonne,Mckinney,789 Haley Bridge Elizabethchester. GA 32093,97000,35
Anthony,Shaw,USCGC Miles FPO AA 49462,46000,32
Richard,Bowers,96688 Kimberly Mount Apt. 343 Whitefort. NC 43338,44000,31
David,Anderson,5554 Oliver Prairie Suite 252 Darlenetown. OK 68876,89000,30
Anthony,Randolph,408 Evans Valley Apt. 023 Mcculloughside. WV 28107,72000,30
Jeanette,Garza,183 Thomas Creek Suite 235 North Jamesfurt. MO 38349,53000,34
Stacy,Rivera,077 Pena Ridges South Bryanmouth. NH 47434,35000,41
Robert,Morris,961 Robinson Mount Suite 228 Port Josephberg. MN 05529,37000,32
Richard,Powell,448 Julie Mews New Brooke. WV 28719,31000,38
Amelia,Earhart,58838 Brian Alley New Harold. VT 43648,104000,46
William,Mendez,PSC 1183. Box 6729 APO AP 53959,48000,20
Brenda,Mccullough,2646 Fernandez Glen Suite 121 New Ashley. UT 42827,42000,41
Dustin,Oneill,614 Hurley Bridge Roberthaven. LA 60087,60000,30
Regina,Moore,793 Cooper Lodge Jamesmouth. CA 94664,98000,33
Deborah,Watson,510 Benton Rapids Apt. 657 Davidchester. IA 99787,93000,44
Julia,Reed,0271 Moore Ford East Nathanside. OH 29042,125000,19
Peter,Lawson,31454 Martin Knolls Suite 717 Mcguirestad. ME 65066,43000,36
Christina,Peters,50657 Morris Station Peggymouth. SC 11544,83000,29
Chase,Mcdonald,61531 Hernandez Shores Suite 672 East Thomasbury. WI 12051,66000,27
Francisco,Mosley,PSC 1667. Box 4305 APO AE 15366,64000,21
Ernest,Hemingway,0716 Shawn Underpass Apt. 409 New Stevenport. GA 20473,40000,22
Michael,Rubio,157 Hale Harbors Apt. 531 Port Jesse. CA 75501,59000,30
Karen,Good,639 Ramos Roads Reevesmouth. AK 87748,65000,56
Jessica,Kelley,686 Santos Cliffs Suite 119 Valerieberg. NE 20191,79000,30
Travis,Gregory,797 Kristin Mill Apt. 746 Heatherview. KY 74653,77000,22
Michael,Hernandez,40123 Taylor Cliffs Apt. 076 Danielfort. ME 68922,44000,42
Abigail,Richardson,USNV Baxter FPO AA 96437,63000,46
Megan,Butler,27308 Mcgee Causeway Escobarstad. NC 02065,96000,45
Bruno,Bruunhart,567 Bradley Rest East Mary. NH 50250,52000,32
Emily,Mcdonald,863 David Throughway Apt. 668 New Adam. MN 32298,35000,43
Sacha,Cohen,8269 Holt Tunnel Apt. 019 Natalieborough. MA 60430,48000,21
Jack,Thomas,4280 Justin Lake Apt. 018 Port Jeffreystad. ND 41932,106000,26
Stephanie,Brown,0600 Richard Parkway Lake Lawrence. RI 86678,59000,26
Stephen,Jones,4679 Matthew Crest New Fernando. ID 48785,45000,39
Katherine,Simmons,8281 Daniel Lock Apt. 153 East Dannybury. ID 16784,78000,45
Terri,Fisher,0783 Lauren Ferry Suite 019 Lake Sandra. MD 01636,81000,42
David,Jones,45438 Jeffrey Terrace Suite 112 South Jennifer. IL 47646,62000,35
Jeremy,Dixon,59272 Elizabeth Field Suite 096 West Timothyshire. VA 27293,54000,47
Sandra,Case,412 Carrie Trail West Adamchester. AK 15951,111000,37
Kyle,Nelson,85907 Burke Plaza Markton. PA 57605,38000,18
Caitlyn,Lopez,22987 Michael Passage Apt. 657 Johnsonside. NH 07384,99000,21
Devon,Cortez,371 Christopher Village Lake Katherine. VA 09129,76000,27
Stephanie,Cox,17717 Steele Path Suite 736 Leachview. NJ 78215,90000,28
Joshua,Ortiz,371 Rose Summit Gloriaview. LA 96428,80000,18
Teresa,Schmidt,65515 Kimberly Run Apt. 557 Cunninghamview. FL 95942,130000,42
Jessica,Garrett,986 Judy Glens East Angela. ND 23348,38000,18
Elizabeth,McGilliguddy,49889 Friedman Prairie South Bethshire. OH 26366,71000,28
Monique,Johnson,0917 Ashlee Tunnel North Rebeccaview. MO 08726,54000,41
Brian,Davis,0275 Brittany Plains North Jeanhaven. ME 48180,67000,25
Kevin,Dougherty,7935 Timothy Glen Suite 820 Jaymouth. OH 50691,39000,18
Lauren,Olson,48603 Christopher Islands Jeffreyville. DE 40355,34000,29
Brian,Lopez,39666 Gregory Valley West Priscilla. WV 08967,64000,27
Nicole,Evans,32540 Durham Viaduct Vaughanburgh. AL 73712,58000,26
Franziska,Faust,035 Baker Brook Suite 138 Jaychester. KY 04148,35000,54
Stewart,Ackerley,763 Krueger Center Perezmouth. MN 21396,34000,18
Derwent,Shimpling,713 Carrillo Vista North Pamela. ID 83126,89000,60
Emily,Allen,6994 Lori Skyway Suite 451 South Brentberg. MS 46542,56000,30
Robert,Harper,05055 Phillips Tunnel West Devinport. CA 48327,128000,40
Taylor,Garcia,32678 Robinson Causeway Apt. 783 Port Rachael. TX 28170,82000,29
Priscilla,Farmer,56029 Thompson Streets Suite 522 Martinstad. NM 73932,78000,35
Glover,Hipworth,039 Lawrence Unions Suite 545 Robertsonport. CA 43592,55000,24
Frank,Flores,2576 Ruth Camp Port Susanfurt. NV 01509,59000,22
Megan,Wagner,USNV Ferguson FPO AE 34269,48000,65
Gina,Harris,774 Smith Pass Apt. 026 New Courtney. NH 18670,43000,25
Juan,Sheppard,955 David Prairie Suite 543 Fisherborough. DE 83351,53000,32
Jon,Waters,7296 Savannah Trafficway Tylermouth. ID 55840,90000,55
David,Duffy,15981 Angela Route Suite 268 East Benjaminmouth. UT 25756,66000,38
Eugene,Alexander,750 Beth Extension Suite 547 West Robert. NM 37857,92000,28
Adam,King,1425 Karen Mews Apt. 234 Port Amber. WI 56457,65000,22
Kelly,Nichols,91174 Boyd Drive Apt. 175 Monroeville. OR 96672,53000,29
Christopher,Rivera,05107 Patricia Bridge Lake Kristymouth. AR 26573,32000,47
Jill,Murray,65689 Justin Square Port Linda. VT 57329,67000,18
Cody,Smith,7216 Thomas Motorway Apt. 562 Andersonville. PA 32427,70000,23
Charles,Leach,7511 Roy Dam Apt. 637 North Traceyshire. DE 88920,31000,19
Emily,James,331 Jason Plains Port Savannah. KY 81349,45000,21
Haley,Edwards,436 Hunter Plains Suite 855 Scottshire. CA 44887,78000,26
Kevin,Sullivan,1268 Daniel Trail Apt. 459 East Ashley. OR 33918,32000,43
Kent,Mcclure,268 Christopher Knoll Suite 718 Bateschester. SC 71709,76000,43
Ethelbald,Mordaunt,060 Mark Course Cassandraville. PA 24628,69000,26
Brittany,Clark,1518 Patel Trail Santanaview. OH 70584,48000,24
Ryan,Soto,919 Edward Divide Apt. 698 Lake Rodney. IL 76477,35000,29
Trevor,Ellis,64367 Johnson Drive Port Robert. SD 27606,38000,21
Jeremiah,Kelley,63383 Russell Underpass Juareztown. WA 49894,121000,44
Angela,Haynes,67598 Simon Shoal Jeffreyburgh. IA 91417,90000,24
Teresa,Schultz,117 Kennedy Vista South Timothy. AK 05569,48000,20
Jennifer,Hardin,1972 Graves Spring Jilltown. NJ 31368,43000,50
Tracie,Greene,PSC 1228. Box 4179 APO AP 19512,109000,20
Erica,Huang,PSC 2281. Box 3709 APO AA 72858,71000,34
Zachary,Rivera,42236 Cooper Roads Suite 864 South Michael. NE 58223,66000,37
Brandi,Clark,9626 Tyler Port Steventown. TN 40674,65000,34
Ethan,Clark,59307 Davis Underpass Kyleside. WA 77028,30000,19
Brett,Silva,78000 Sierra Course Jenniferchester. WA 07638,32000,31
Richard,Johnson,69833 Harvey Highway Jenniferchester. MT 49292,37000,19
Javier,Brooks,435 Jones Cove Suite 582 Jacobchester. OK 32394,41000,30
Valerie,Diaz,3013 Ford Islands Reynoldsmouth. CT 17374,118000,35
Jacob,Vargas,PSC 4113. Box 6828 APO AE 48426,117000,54
Brian,Jackson,65156 Terry Ports Suite 166 Lake Deborah. OR 19520,47000,60
Eric,Carr,46022 William Terrace Nicolemouth. WV 96139,106000,48
Mary,Logan,6824 Donald View West Holly. SD 70602,36000,21
Nicole,Stewart,489 Oscar Run Suite 626 South Johnhaven. MN 94473,108000,40
Joshua,Bates,520 Frank Keys North Gregory. MD 29992,102000,31
Dale,Howard,6814 Pamela Ports East Albertberg. NE 32397,83000,22
Scott,Christensen,89355 Derek Forge Apt. 877 North Ashley. NC 42851,50000,27
Mrs.,Boot,1431 Ronald Knoll Suite 838 New Kristenfurt. KS 96376,38000,22
Christine,Fitzgerald,PSC 4760. Box 8169 APO AA 79439,73000,54
Dean,Ellis,600 Jackson Club Cantumouth. MA 92390,44000,44
Tracy,Clark,58211 Lopez Ways Haleyfurt. TX 84922,72000,23
Brandy,Rodgers,58357 Turner Terrace Smithstad. SD 29850,38000,39
Karen,Hammond,5686 Ashley Cliffs Suite 035 Edwardsland. AR 55384,31000,36
Colleen,Wright,8783 Vincent Well Patrickside. RI 79276,111000,36
Taylor,Walters,USNV Keller FPO AA 15901,122000,27
Shawn,Snyder,62655 Mcdaniel Tunnel Suite 163 Rachelburgh. AL 51417,70000,25
Bryce,Ward,09112 Lewis Mount Apt. 490 South Samantha. WV 37462,75000,38
Douglas,Miller,USNS Green FPO AP 19170,101000,21
Michael,Odom,48877 Christopher Trail Suite 144 Dillonchester. FL 96055,33000,33
Jacob,Merritt,2720 Mcpherson Heights Suite 136 Hendersonbury. TX 85671,86000,65
Christine,Jones,Unit 4223 Box 9241 DPO AP 46933,69000,31
Raymond,Glass,3745 Erin Circle Nathanshire. WA 66914,54000,20
Amanda,Dalton,65347 William Fields Suite 566 Smithburgh. NE 95195,71000,36
Mariah,Reeves,35468 Sonya Coves Perkinsport. ME 39895,39000,49
Michael,Golden,00805 Dean Manors Stevenview. LA 12881,139000,31
Kevin,Washington,898 Whitney Crossing Catherineville. AZ 30432,30000,45
Michael,Thompson,4218 Crystal Lodge New Erica. ID 40371,30000,26
Brianna,Williams,Unit 7628 Box 3487 DPO AP 79808,61000,26
Yann,Fredericks,709 Johnson Roads Suite 945 Perrybury. KS 71784,45000,29
Jared,Jones,Unit 4791 Box 1209 DPO AE 34928,43000,30
Anna,King,0987 Ryan Estate Taylorburgh. PA 13710,51000,35
Mary,Johnson,070 Melinda Loaf Apt. 800 Mitchellstad. MD 21975,135000,45
Brittney,Miller,711 Ramirez Landing South Douglas. IN 05024,105000,64
Nicolas,Flamel,73181 Foster Islands Wiseland. SD 62553,47000,53
Benjamin,Thomas,4340 Barajas Squares Suite 467 West Brandy. AR 42009,47000,35
Kayla,Hall,4388 Morgan Lodge Wrightshire. PA 57368,30000,33
Maria,Mason,32353 Patrick Oval Apt. 597 Cassandrachester. OR 28238,112000,30
Stacy,Wolf,050 Mary Crescent East Chad. WY 66079,37000,22
Toni,Moreno,09664 Mercer Islands Suite 289 Hallberg. RI 13952,72000,55
Linda,Rodriguez,65933 Beltran Extension Suttonside. KS 45232,54000,48
Tiffany,Holland,7099 Woodard Squares Suite 395 Medinaport. PA 25415,64000,45
Brittany,Washington,55338 Robin Inlet Suite 874 Leonardville. AL 42166,47000,23
Dale,Rivera,577 Smith Mission Lake Williammouth. SD 07668,45000,19
Cheryl,Clark,5551 Daniel Loaf Apt. 396 South Arianatown. KY 11693,83000,21
Richard,Fisher,599 Jennifer Lodge Johnmouth. IL 46935,99000,21
Michael,Harrington,5022 Valentine Haven Apt. 829 Carolville. KS 80167,30000,49
Jerome,Lee,0661 Stephanie Manors North Julie. DC 77155,75000,43
Nobby,Leach,035 Jason Wells Apt. 513 Port Douglas. MA 11500,37000,24
Phillip,Logan,53072 Maxwell Vista Garnerborough. WV 71577,95000,19
Ernest,Hemingway,PSC 8247. Box 8475 APO AE 33779,50000,36
Jean,Wheeler,PSC 7730. Box 4060 APO AP 60110,47000,18
Christopher,Wilson,16232 Snyder Bridge South Andrewmouth. MO 17454,74000,53
Amy,Cooley,Unit 3717 Box 4072 DPO AA 92776,115000,42
Steven,Nunez,PSC 7799. Box 9633 APO AE 97588,44000,27
Andrew,Kline,645 Mary Streets Suite 365 Zacharyborough. KS 72498,130000,26
Toni,Evans,USS Farrell FPO AA 82906,67000,52
Ludo,Bagman,69263 Spencer Mews Apt. 569 Hammondborough. LA 18963,87000,20
Travis,Wiley,516 Suarez Road Apt. 319 East Jamesfurt. NM 24122,95000,46
Cody,Warner,812 Chapman Cove Suite 860 Olsonview. MD 15248,31000,38
Kenneth,Eaton,809 Justin Shore Suite 432 West Davidland. TN 50653,36000,41
Jennifer,Morgan,2988 Christopher Glen Lake Courtney. SD 09747,119000,26
Elphias,Doge,82488 David Islands Jaredmouth. SC 67029,49000,34
Sarah,Nichols,62970 Jennifer Brook Jeannefort. IA 16044,56000,21
Ricky,Morrow,045 Lee Trace Mariachester. IL 37504,73000,41
Jill,Moore,11593 Bowman Trail New Kimberlymouth. WY 05429,86000,30
Charles,Graves,3169 Zachary Green Apt. 125 Lake Robin. NY 25315,77000,45
Miranda,Griffith,PSC 4851. Box 5373 APO AE 18792,114000,35
Francisco,Wilcox,873 Ortega Alley Apt. 507 East Amystad. MD 48332,44000,33
Tracy,Acosta,296 Anthony Ways Reyestown. CT 22838,133000,30
Ryan,Phillips,3316 Betty Crossroad Apt. 717 Greenfort. MS 23149,35000,49
Paul,Cox,9176 David Courts Apt. 416 Lake Michael. TN 63029,84000,52
Kenneth,Chapman,6729 Maria Rest Lisatown. OK 19257,124000,47
William,Perez,99974 Cox Park Mataport. NJ 05682,48000,19
Jennifer,Hall,94512 Perez Gateway Snydershire. MD 13799,119000,44
Tracy,Austin,164 Watson Views Apt. 433 North Elizabeth. HI 74674,88000,51
Keith,Quinn,37318 Carter Forks Suite 649 West Traceytown. CT 71619,113000,49
Mungo,Bonham,225 Hampton Centers Lake Christopher. NV 09868,94000,26
Lucas,Picquery,USNV Vaughn FPO AA 76581,65000,39
Erik,Briggs,0868 Miles Place Apt. 098 Parksstad. FL 79483,60000,60
Raymond,Schaefer,PSC 8596. Box 3445 APO AP 98559,39000,39
Nichole,Pratt,PSC 1121. Box 8033 APO AE 86241,55000,21
Deborah,Robinson,439 Kristen Meadow Taylormouth. LA 80711,103000,49
William,Fisher,94119 Juan Mews Suite 495 West Joseph. IN 92603,47000,30
Patrick,Allen,96057 Simmons Throughway Lake Tiffany. HI 16728,83000,36
Anthony,Pena,553 Stewart Plains Port Whitneystad. CA 93133,80000,48
Amy,Payne,34862 Washington Turnpike Apt. 146 Wongmouth. UT 65535,72000,41
Lisa,Klein,921 Norris Viaduct Apt. 521 Connieland. CA 27496,43000,22
Augustus,Rookwood,27070 Garner Plains South Malikhaven. OH 23462,31000,23
Mary,Jimenez,Unit 3599 Box 4679 DPO AE 21051,43000,37
Tiffany,Abbott,5074 Washington Passage Jonborough. WI 23105,67000,42
Darius,Smackhammer,8212 Lewis Extension Apt. 435 Timothymouth. AZ 32624,75000,22
Lindsey,Jones,020 Horton Mountains Butlerburgh. VA 16185,66000,56
Molly,Weasley,51213 Hannah Forges West Michaelville. NJ 82103,94000,40
Brandi,Miller,540 Walker Brook Suite 771 Lisaland. NJ 58264,101000,29
Rowena,Ravenclaw,PSC 9338. Box 4075 APO AE 41399,33000,28
Jenny,Russell,4658 Tiffany Loop Apt. 993 North Scottfurt. SD 07304,66000,35
Kathryn,Manning,7660 Shepherd Coves Drakestad. OR 59819,60000,38
John,Lennon,6682 Dickerson Loaf Suite 190 Larryberg. WY 07649,134000,25
Rebecca,Knapp,2890 Coleman Bridge Apt. 385 South Frederickmouth. MI 34349,97000,20
Brian,Johnson,939 Christopher Key Apt. 806 South James. PA 84202,35000,50
Minerva,McGonagall,8568 Crystal Lights Apt. 959 Yoderstad. CT 19268,36000,46
Jack,Sloper,4639 Brenda Views Butlerstad. VT 27050,37000,58
Ruben,Barrera,1804 Collins Ports Suite 616 East Paulafort. VT 99552,70000,27
Selena,Lyons,935 Robert Ville East Nicole. IL 93565,88000,33
Lennox,Campbell,418 Mccoy Village Torresstad. FL 69528,72000,39
Jared,Russell,44102 Brown Fort New Traceytown. AZ 79630,72000,18
Amanda,Wilson,9984 Thomas Glens Apt. 928 Rothmouth. VA 95955,92000,36
Jacqueline,Black,2132 Simpson Centers East Patricia. ID 16840,36000,18
David,Banks,632 Jones Square East Andrew. OK 45402,37000,25
Meghan,Duarte,27409 Olsen Canyon Apt. 895 Theresaview. IN 18758,78000,24
Melissa,Johnson,Unit 4795 Box 0864 DPO AP 34891,82000,36
Ryan,Watson,4825 Kaylee Ports New Lisamouth. HI 91301,81000,27
Erika,Sanchez,94373 Dana River Suite 195 Pennyshire. AZ 16805,50000,36
Mason,Wilson,07531 Taylor Radial Sampsontown. IL 47933,95000,26
Kathryn,Ford,1732 Vega Mountain Apt. 690 Lake Christophermouth. LA 08527,50000,56
Dennis,Ferguson,725 Deborah Stravenue North Nathan. NE 22326,107000,25
Brandon,Mccoy,39143 Kelly Valley Suite 784 Martinezmouth. IA 15382,81000,33
Angela,Nguyen,755 Carter Village Suite 678 Loweberg. MO 96538,49000,68
Scott,Mcclain,7826 Nelson Divide Suite 564 Sanchezmouth. HI 43448,50000,24
John,King,7458 Wong Vista Suite 710 Lake Seth. DE 47871,50000,26
Steven,Barnes,7820 Davis Locks Shaneborough. WY 10132,134000,29
Megan,Kirby,23343 Robert Hill Brittanyhaven. CA 51542,77000,61
Dustin,Watson,2544 Carrie Way Williamsfort. AL 08615,53000,38
Lisa,Hobbs,95603 Mcdonald Light Suite 269 Moodyville. FL 32669,55000,18
Ryan,Anderson,116 Chambers Loop Charlesfurt. IL 31481,38000,27
Stacy,Beck,168 Pacheco Center Suite 664 Lake Dana. OH 62442,30000,41
Katherine,Hansen,46292 Dylan Tunnel Fisherside. NJ 20124,32000,32
Jacqueline,Gordon,21547 Hodge Pass South Timothyhaven. MO 34871,57000,29
Andrew,Page,701 Danny Stream Suite 406 Anitaville. MN 18701,30000,27
Jacob,Shaw,410 Eugene Courts Suite 664 Davidburgh. OK 30289,98000,64
Nicholas,Matthews,1096 Clark Route Lake Christopher. NM 64012,134000,48
Morgan,Jennings,6741 Daniel Route Suite 356 New Pamelashire. NY 89580,105000,64
William,Hall,Unit 3825 Box 9594 DPO AP 37778,88000,41
John,Norton,126 Hester Trafficway North Tanyashire. IA 33665,101000,47
Robert,Long,Unit 2703 Box 0851 DPO AA 51338,54000,33
Michael,Wells,6027 Sean Shoal Apt. 076 Brianburgh. AK 67348,94000,36
Amanda,Nelson,943 Brennan Terrace North Patrickland. VT 80629,62000,27
Timothy,Cruz,33583 Lauren Glens Tammieberg. WA 64870,81000,40
Amelia,Earhart,16470 Waters Mountains West Logan. MA 17359,58000,37
John,Coleman,USS Warren FPO AP 59167,49000,35
Jennifer,Manning,6824 Michael Springs West Christian. CO 50523,39000,18
Jasmine,Mathis,4984 Jones Spring Apt. 741 Port Heather. LA 45507,94000,55
Julia,Moore,991 Carter Parkways Janetside. OK 46858,71000,24
Kelly,Smith,5916 Brian Rapid South Carlamouth. RI 32684,83000,26
Heliotrope,Willis,56377 Boyer Port West Erika. CT 09246,69000,23
Rachael,Wilson,3371 Thomas Well West Austin. KS 71798,128000,21
Elladora,Ketteridge,521 Perez Loaf Suite 034 Salazarstad. AL 29131,76000,21
Jason,Contreras,516 Timothy Meadow Suite 909 Snowton. UT 57300,33000,27
Daniel,Ross,0826 Stark Gateway Suite 193 Nicolestad. ID 48999,112000,36
Charles,Moore,14505 Lee Villages Apt. 824 Lindsaytown. PA 18999,67000,33
Joshua,Cohen,9319 Russell Island Suite 766 Yvettemouth. MD 97117,30000,20
Jacob,Norton,USCGC Little FPO AP 77479,97000,54
Adolf,Hitler,8127 Daniel Streets Jasonland. NE 55663,95000,26
Ronald,Aguilar,884 Lori Squares Suite 039 Weaverton. IN 15325,132000,33
Maureen,Fields,32672 Powers Trace Davidstad. AL 97568,67000,20
Jacob,Jacobs,2533 Morse Land Ericksonfort. VT 99185,133000,27
Robin,Diaz,Unit 5497 Box 9479 DPO AE 77360,78000,52
Marcus,Flint,0238 Brian Curve Apt. 696 Feliciachester. FL 94107,123000,36
Susan,Tanner,00874 Tyler Lodge Carloshaven. NY 36014,60000,34
John,Smith,229 Nichols Throughway Suite 025 Melissabury. OH 18567,57000,60
Megan,Jones,7734 David Loop New Terrenceport. WV 72752,57000,54
John,Ramsey,8695 Duke Lake Port James. CA 16510,110000,27
Eric,Johnson,5137 Stanton Ridge Apt. 412 North Adam. SD 60471,102000,58
Randy,Johnson,854 David Canyon Apt. 063 East Markhaven. ND 47447,84000,25
Zachary,Weeks,739 Andrew Fields New Kellyshire. WA 68638,117000,19
Amanda,Hudson,9820 Alexander Meadows East Ronaldbury. OR 17432,39000,19
Brandon,Graham,03623 Mejia Fort Suite 623 West Michaelbury. RI 33774,83000,33
Jesse,Hamilton,29966 Cummings Shore New Jesse. RI 33519,35000,32
Tanya,Smith,313 Tanya Court North Susanstad. CA 03486,83000,37
Lindsey,Murillo,350 Martinez Port Lake Davidtown. CA 15576,68000,18
Joseph,Price,3835 Reed Trail Apt. 853 Martinezhaven. NC 39065,101000,20
Tina,Calderon,115 Brown Divide Suite 480 Jodimouth. OH 37030,43000,42
Sandra,Miles,2865 Martin Parks Apt. 708 South Jacob. IL 58123,109000,25
Anthony,Gardner,46289 Katherine Lodge Apt. 005 New Kennethshire. IL 10073,35000,40
Amanda,Potter,09734 Odom Flat Chadchester. CA 99890,139000,25
Lisa,Campbell,73497 Jesus Hills Carrollborough. UT 13539,72000,47
Henry,Ford,740 John Plains Ramirezfurt. NC 06414,41000,56
Jason,Peterson,1754 Cervantes Island New Jerome. VT 82207,127000,28
Rebecca,Gentry,Unit 1118 Box 3635 DPO AP 04174,82000,49
Robert,Ellis,10702 Ronald Plain Apt. 628 Ortiztown. MN 69745,104000,18
David,Harrison,PSC 7869. Box 7796 APO AE 63890,58000,33
Ann,Gonzalez,71303 Wong Street Spenceton. MA 75411,37000,42
Joshua,White,9466 Jesse Plain Apt. 571 Angieland. AL 99541,99000,37
Tyler,Montoya,49025 Courtney Springs North Williamview. NJ 06597,32000,64
Sean,Wiggins,7356 Lisa Springs South Stevemouth. TN 66259,60000,28
Mary,Jauncey,980 Cruz Hollow Julieland. HI 36610,133000,62
Pollux,Black,2030 Swanson Parks Port Elizabeth. WA 61408,35000,23
Sandra,Ramirez,2327 Suarez Plaza Suite 638 Lake Tiffanyland. NV 43325,36000,39
Anna,King,22561 Elizabeth Drive Port Jasonland. MO 22163,107000,50
David,Brown,41399 Russell Pine Suite 648 Natalieberg. VA 39178,119000,32
Michael,Smith,95525 Nathan Lakes Michaelhaven. MN 10355,69000,18
Steven,Mcgee,Unit 8830 Box 0443 DPO AA 91217,84000,25
Christopher,Fuller,58575 Patrick Ridge Smithfurt. MA 70881,134000,30
Drew,Wood,Unit 5081 Box 9124 DPO AP 83968,120000,39
Jonathan,Graham,9844 Daniel Ridge North Chelsea. ID 96524,69000,38
Derrick,Grant,17678 Kaitlyn Locks Apt. 978 East Jason. NJ 83041,37000,68
Daniel,Davis,91189 Kurt Crest Apt. 470 Perezshire. ME 65882,65000,40
Rebecca,Mccormick,1895 Day Harbor Apt. 911 Donnaview. NC 37060,92000,27
Karl,Jenkins,970 Ruth Brook Port Johnmouth. FL 54228,37000,18
Megan,Clayton,94614 Whitney Haven Apt. 435 Port Justin. OH 08050,42000,48
Anita,Watson,930 Geoffrey Vista West Jamesview. AK 11017,120000,40
Vanessa,Farmer,USS Friedman FPO AE 14656,108000,45
Lisa,Atkins,8482 Novak Pike Suite 865 Ralphchester. WA 32929,38000,19
Suzanne,Jones,217 John Mills South Nicolestad. AR 64256,42000,22
Ryan,Smith,2002 Raymond Roads South Seanview. NV 23754,102000,66
Michael,Patterson,5773 Cruz Junction Suite 475 West Raymondmouth. MA 02974,47000,52
Brent,Williams,Unit 3382 Box 5057 DPO AE 02530,44000,18
Jennifer,Young,307 Skinner Parkway Janeland. MI 65287,80000,29
Gina,Scott,345 Nicholas River Lake Richardfurt. NJ 83941,81000,23
Jennifer,Dorsey,24436 Moreno Flat Sosashire. TN 44299,127000,32
Zachary,Lee,00533 Smith Circle Apt. 327 East Courtney. DC 97918,30000,49
April,Martin,5295 Jones Expressway Rebeccachester. TX 31160,86000,37
Michelle,Wilcox,768 Ronald Garden Suite 010 Robinsonton. IA 71130,69000,32
Brendan,Butler,2875 Jose Meadows New Valerieburgh. TX 32861,55000,33
Robert,Fisher,597 Thomas Keys Apt. 448 North Michael. CA 99481,53000,49
Matthew,Tucker,1380 Wilson Brooks Apt. 265 Lake Charlesstad. FL 27148,48000,39
Denise,Wheeler,96298 Jacob Harbor Barryburgh. SC 65684,97000,36
Aaron,Eaton,7639 Joshua Ports West Tina. AR 00780,125000,33
Lisa,Brown,4645 Ramirez Station West Danabury. WI 28928,91000,59
Devin,Holloway,PSC 2749. Box 8275 APO AP 64316,107000,39
Madison,Clarke,6080 Daniel Loop Apt. 284 Vasquezfort. MN 11169,42000,22
Marco,Mckinney,73622 Brett Fork Apt. 142 Lake Timothy. FL 28231,67000,39
Michael,Hunter,USNS Contreras FPO AE 60996,108000,23
Joshua,Riddle,8615 Shelby Stream Suite 285 East Dennis. NH 12619,36000,49
Jacob,Meyer,426 Johnson Cape Apt. 000 Lake Tyronefurt. NY 26737,57000,59
David,Reed,554 Washington Ports Apt. 829 Port Mary. SC 09586,72000,53
Achilles,Tolliver,35400 William Neck Apt. 222 Lake Matthew. MS 65626,66000,46
Kevin,Miller,34091 Bennett Forks Lake Peggy. AZ 57534,82000,36
Roy,Parker,5979 Leslie Ports Apt. 320 North Julia. CO 07859,97000,35
Alex,Thompson,860 Amy Parkway Apt. 826 Morrismouth. IL 17795,120000,40
Diana,Reid,10615 Alexis Loop Apt. 415 Lake Monica. DE 32412,140000,24
Amy,Green,22656 Jones Plaza Port Antonio. SC 96952,53000,51
Walter,Ramsey,50082 Tina Shores Belindaview. IL 75567,43000,25
Amanda,Gonzalez,25732 Christopher Mountains Suite 392 Matthewton. NH 16100,47000,45
Chelsea,Ramos,77514 Sloan Run Apt. 792 North Caitlynmouth. LA 52680,96000,48
Kimberly,Porter,Unit 2171 Box 6964 DPO AA 31679,84000,31
Sabrina,Hernandez,952 Deanna Skyway Apt. 379 Williamton. AZ 13600,83000,19
Jason,Smith,1351 Angela Ridge Suite 382 Kristenfort. NC 57326,107000,21
Benjamin,Smith,438 Snyder Hill West Brooke. VT 07777,63000,42
Ryan,Harris,4138 Johnathan Plain Port Debra. GA 58885,62000,44
Carrie,Olson,9225 Allen Parks Stephanietown. RI 80826,52000,42
Brittany,Roth,47571 Hansen Pines Port Hayleymouth. WV 45825,93000,45
Cindy,Brennan,USNS Henry FPO AP 39464,93000,50
Abigail,Stevens,13295 Susan Gardens Suite 629 New Ryan. IA 24516,103000,21
Justin,Garza,0800 Mary Inlet Melanieland. SD 52831,40000,44
James,Camacho,6555 Hodge Harbor Apt. 767 Bowenchester. OH 54326,103000,38
Melanie,Obrien,8684 Andrade Vista Brownfort. IA 02587,39000,49
Rebecca,Mahoney,6758 Matthew Roads Petermouth. IL 51431,42000,57
Tracy,Stout,8790 Ferguson Junctions Haleyland. ID 76658,45000,50
Sacharissa,Tugwood,70352 Connor Trace Danielbury. ND 62092,75000,33
Nicole,Love,Unit 5287 Box 5050 DPO AE 87260,45000,50
Shaun,Bauer,0463 Chandler Spur West Janet. NE 53848,47000,20
Tyler,Turner,8842 Raymond Crossroad Sarahfurt. UT 73962,85000,22
Becky,Martinez,67739 Wang View Suite 907 Spearsstad. OH 43138,65000,48
George,Weasley,896 Morgan Field Apt. 003 Stephenberg. WV 79460,35000,18
Melissa,Huerta,44197 Tonya Stream Tiffanyville. CT 85866,48000,52
Ivan,Stephens,22740 Lisa Cliffs Lake Kelsey. WY 19653,114000,30
Matthew,Rivera,54286 Stewart Turnpike Grahamland. MN 79389,56000,42
Kayla,Ryan,76119 Joseph Spur Apt. 534 Port Jillville. NJ 99442,56000,34
Ryan,Castillo,51950 Medina Gateway Suite 840 Katherinehaven. KS 52374,34000,18
Jeffrey,Johnson,0796 Reese Crescent East Michelleburgh. NY 67502,110000,37
Sally,Lewis,850 Wilson Key Suite 343 Leonmouth. OR 06237,74000,19
Randy,Martinez,USNS Brown FPO AE 51580,91000,33
Eric,Graham,220 Miller Square Pricetown. UT 49253,82000,44
Jodi,Shields,9452 Hardy Underpass Apt. 352 Lake Carolineville. IL 47694,138000,48
Erin,Johnson,687 Jason Groves Apt. 661 Gibsonville. HI 98948,106000,55
David,Campbell,2854 Jonathan Harbor Lake Rachel. NM 75115,92000,52
Brett,Nelson,607 Rodriguez Squares Kennedyberg. NC 84670,39000,44
Lisa,Jones,05700 Delacruz Mills Apt. 339 East Darrell. MA 00871,59000,27
Corey,Reese,5958 Lopez Inlet Suite 382 Princeshire. AZ 24451,31000,61
Alexandra,Butler,99032 John Ramp Suite 649 Kendramouth. TX 05628,74000,28
Carrie,Scott,USS Thomas FPO AP 86543,113000,26
Agatha,Chubb,7309 Thomas Prairie Apt. 083 Port Valeriemouth. KY 43642,91000,43
Gregory,Peters,9074 Foster Ville Apt. 797 Mandyborough. SC 19105,38000,38
Sherry,Hanna,78756 Robert Mountain South Justin. WY 84158,115000,43
Richard,Arroyo,1678 Joseph Pine Lake Robert. HI 70915,63000,31
Jason,Abbott,45540 Joanna Plains Suite 894 Lutzbury. AL 85852,48000,32
Maria,Morales,203 Johnson Spurs Apt. 703 New Christopher. DC 59923,77000,38
Andrew,Smith,2630 Osborne Valleys Timothyview. AR 24777,39000,37
Katie,Bartlett,179 Ryan Valley Apt. 971 North Kelseymouth. NM 34715,52000,50
Justin,Henderson,60246 Victor Estates Nathanberg. WY 24560,59000,39
Katherine,Williams,73602 Thomas Bypass Suite 411 Meltonton. OR 23831,97000,39
Gregory,Stone,30214 Christopher Cliffs Stevenmouth. AL 73751,58000,24
Jennifer,Skinner,2640 Kent Prairie Port Lindseyshire. HI 76492,81000,55
Garrett,Washington,34652 Mckee Mission Suite 360 Danielleberg. WA 12405,44000,20
Carrie,Hubbard,3399 Harris Prairie Port Jackieborough. WI 59396,38000,28
Tyler,Zamora,7260 Cruz Stream Suite 824 New Markfurt. AL 21565,105000,41
Thomas,Johnson,552 Morrow Lodge Apt. 680 West Thomasbury. IL 82432,43000,26
Victoria,Wolfe,2235 Marquez Hill Apt. 341 South Danny. MA 86770,56000,49
Bob,Martin,11416 David Fall Suite 085 Hudsonville. GA 35761,40000,65
Edward,Ruiz,284 Alexander Throughway Apt. 130 Lauraberg. OK 24180,51000,42
Michelle,Jones,051 Howard Overpass South Rickey. MS 30168,117000,19
Matthew,Jones,8691 Megan Forge Suite 217 Frankshire. NY 62825,39000,63
Brianna,Guzman,6131 James Isle Apt. 224 West Lisatown. CT 61382,58000,30
Derek,Valdez,394 Sarah Rapids Suite 740 Dennisberg. DE 70403,87000,28
Scott,Hawkins,59228 Erik Ports Apt. 921 Lake Shelly. CT 97795,73000,35
Grogan,Stump,860 Chase Locks Suite 340 Lake Valeriemouth. DE 54991,117000,24
Samantha,Dickson,USS Smith FPO AP 43099,35000,44
Matthew,Schroeder,63688 Rivera Loop West Jeremiahbury. WY 89296,50000,18
Benjamin,Higgins,700 Kathleen Drive Suite 172 Bennettmouth. FL 05397,76000,36
William,Lawson,144 Decker Centers New Jaredshire. DE 36944,62000,26
Justin,Baker,66777 Jason Divide Johnsonchester. SC 78712,39000,47
Brenda,Griffin,53265 Eugene Stravenue Apt. 372 North Antonio. AR 08567,36000,39
Robert,Howard,796 Monroe Hollow Suite 977 Laurachester. ND 11427,82000,31
Wilkie,Twycross,264 Perry Haven Suite 659 West Andrewchester. MO 66432,37000,37
Jonathan,Weber,7962 James Ridges Apt. 072 Port Dylan. MI 53856,80000,38
Carmen,Olson,8086 Amanda Ville Apt. 461 Brittanystad. HI 33722,99000,44
Gladys,Gudgeon,930 White Station Brandonmouth. VT 93712,82000,64
Dustin,Lloyd,26494 Bean Creek Apt. 985 Campbellmouth. DC 62638,39000,68
Edwin,Perez,766 Perez Center Suite 858 East Bethview. GA 89148,105000,44
Gabriel,Lang,116 Ramsey Tunnel Suite 480 Lorifort. NE 09372,55000,34
Brandon,Cruz,0540 Montes Extension Harrellmouth. NE 23510,33000,18
Monica,Diaz,11198 Nina Rapid Robertberg. HI 96673,56000,39
Valerie,Campbell,PSC 8103. Box 6915 APO AP 85850,58000,41
Matthew,Kent,603 Tammy Prairie Port Pamela. DC 90256,113000,22
Jeffrey,Rubio,403 Jennifer Common Luisfurt. MA 19062,61000,34
Debra,Gonzalez,448 Amy Vista Apt. 575 South Charles. FL 19558,87000,33
Nicholas,Pierce,610 Daniel Station Suite 533 Smithmouth. FL 81307,51000,49
Melinda,Carroll,244 Lopez Lane Dunnchester. NH 76214,101000,20
Jeremy,Gardner,57536 Carolyn Pine North Amber. MS 09889,51000,34
Laura,Mcneil,21879 David Port Suite 535 Woodshire. KS 30411,142000,41
John,Jones,USS Torres FPO AE 31256,59000,31
Jonathan,Little,232 Michael Tunnel Apt. 410 Gonzalesberg. ND 03827,55000,56
Ashley,Smith,USNS Smith FPO AA 43596,110000,19
Denise,Porter,393 Jennifer Rue Suite 375 Stewartshire. MO 46788,119000,25
Jason,Chase,23257 George Parkway Juanville. MI 46105,43000,19
Alyssa,Rich,2366 Wilkinson Overpass East Aimee. DC 72403,50000,45
Bradley,Fuller,44959 Greg Orchard Karenfort. OR 08998,101000,30
Brent,Davis,533 Randy Drives Apt. 225 Howellborough. IA 07988,49000,43
Kyle,Schwartz,69346 Rebecca Extensions Apt. 605 Dawnport. AZ 57822,56000,32
Catherine,Rush,USNS Potter FPO AP 20367,84000,56
Gregory,Anderson,81679 Silva Route Suite 242 Brianmouth. MS 99133,110000,50
Katherine,Hayes,1601 Sonya Ridges Suite 101 New Johnathan. IL 96148,37000,24
Jeffrey,Brooks,66931 Kevin Vista Suite 678 South Amanda. ND 42999,102000,44
Richard,Peters,37717 Jennifer Well Erinborough. CO 78450,46000,26
Kathy,Ramos,728 Strickland View Mccormickchester. AL 36141,50000,32
Kristen,George,92672 Alicia Trace Suite 386 Lake Kathy. NJ 03120,88000,39
Robin,Clark,25043 Richard Fork Suite 480 Stevenchester. NM 36190,105000,20
Devin,Wagner,05559 Mary Knolls Mcculloughbury. KY 87269,48000,57
Michelle,Webb,714 Sanders Mountains Lake Angela. AR 13320,120000,40
Roger,Huang,67573 Michael Walk Apt. 781 Williamsburgh. CT 59459,77000,47
Jacqueline,Patterson,06695 Jennings Extensions Mclaughlinbury. OH 88612,70000,18
Brittany,Garcia,7652 Angela Islands Apt. 065 Port Andrewfort. NH 46489,58000,36
William,Sayre,0605 Andrew Views East Tammytown. NC 61931,45000,51
Patricia,Price,496 Brandon Fork Apt. 295 Bruceville. NM 50014,89000,34
Stephanie,Brown,5609 Elliott Rest Apt. 430 Lake Dustin. MS 94830,78000,47
Karen,Jones,6124 Steele Port Lake Donna. CT 67673,84000,19
Philip,Dixon,Unit 7031 Box 1753 DPO AE 24978,39000,32
Joseph,Vasquez,55155 Hudson Spring Apt. 364 Port Jennifer. OR 76595,49000,53
Melissa,Dennis,5417 Richardson Estates Apt. 390 Wilkersonburgh. IN 81088,83000,58
Michael,Parker,Unit 9669 Box 4699 DPO AP 91254,85000,32
Claudia,Gutierrez,2431 Palmer Falls Suite 917 Brettburgh. MS 81554,98000,43
Timothy,Robertson,27151 Christopher Pines Suite 841 New Christopherport. MD 84377,52000,33
Evangeline,Orpington,797 William Stream Keithview. DC 78071,30000,39
Amber,Freeman,64667 Hendricks Corners North Julieton. AR 89932,32000,23
Nicholas,Mcneil,92476 Henry Points Suite 743 Ronaldborough. MO 64326,83000,24
Monica,Curtis,42024 Cox View Sweeneystad. AK 25682,52000,40
Lindsey,Sullivan,77773 Lam Divide Lake Troyhaven. MO 82631,79000,42
Sharon,Mcfarland,824 Savannah Curve Tammieport. MI 81825,68000,29
Debra,Wolfe,6279 Brian Island Singhmouth. CA 25182,70000,45
Joe,Hensley,7716 Tiffany Island Apt. 774 South Amandaton. WV 50266,35000,40
Robert,Martin,947 Brett Valleys Lake Debbie. MI 30966,49000,26
Elizabeth,Oneill,57539 Mahoney Lodge Suite 533 West David. ME 33641,77000,52
Samuel,Frazier,55919 Salazar Crossroad Lake Sheila. MT 25753,71000,32
Katherine,Ayers,459 Sarah Streets Suite 519 South Matthew. IA 12352,81000,52
Tiffany,Cunningham,7311 Medina Fall Boonebury. NV 38211,77000,19
Douglas,Brown,3417 Ronald Villages West Joseph. ME 69900,76000,63
Donald,Hoffman,16965 Mcknight Valley Lake Felicia. CT 57616,57000,30
Melissa,Vincent,3062 Perez Groves Suite 450 Cooperburgh. OR 87329,86000,19
Joseph,Porter,65201 Dominguez Shores Suite 351 Port Jasonchester. PA 98619,73000,44
James,Paul,78062 Prince Trail Suite 451 North Rebecca. OK 31919,54000,54
Kristin,Goodwin,13335 Torres Springs Suite 513 Paulborough. ID 23351,50000,32
Joseph,Hill,80155 Collins Lock Carrieland. MI 34640,118000,61
Becky,Carter,7496 Caldwell Loop Apt. 167 West Jonathanchester. NM 15928,41000,56
Vanessa,Garrison,47871 Espinoza Hills Parkerburgh. IN 54351,127000,59
Rebecca,Austin,64334 Danielle Street South Bethanytown. AK 80153,81000,28
John,Mckee,18987 David Bypass Suite 735 North Gregtown. AK 41514,54000,28
Michele,Nichols,4475 Mahoney Spur West Markland. DC 26675,31000,33
Greg,Soto,04160 Daniel Points Johntown. WA 91894,47000,48
Martin,Briggs,6356 Steven Valleys Bellside. KY 55890,86000,42
Vinda,Rosier,1486 Scott Manor Suite 358 Davenportfort. AL 48352,45000,40
Brian,Davis,2677 Jodi Meadow Apt. 970 Lake Kellyhaven. NC 55609,49000,36
Michael,Clark,084 Misty Fields Suite 057 Lake Tiffany. NM 71110,38000,33
Chris,Hester,2931 Dean Trafficway Port Paulland. TN 89252,133000,19
Melinda,Beck,25793 Angela Inlet Suite 066 Christophershire. CO 23358,38000,20
Frank,White,0441 Wilson Crossing Lake Matthewville. AK 74616,118000,37
Angela,Nelson,777 Padilla Canyon Christinaberg. TX 43017,54000,38
Thomas,Rivera,57575 Christina Drive Apt. 424 Danielburgh. SD 95080,47000,50
Beth,Shaffer,84584 Mark Lodge Suite 987 East Jenniferland. FL 82380,97000,30
David,Saunders,76452 Amy Track Lake Danielle. NJ 28955,129000,22
Brian,Allen,493 Johnson Club Foxfurt. DE 56889,84000,35
Jaime,Ross,129 Guerrero Highway Beckertown. DC 73653,32000,36
Katelyn,Ingram,2418 Thompson Row Suite 408 Port Pedro. CA 98342,38000,51
Cameron,Stewart,83709 Angela Forest Suite 552 Mckayland. DE 67614,54000,30
David,Johnson,979 Floyd Walk Apt. 093 Garretttown. IL 39320,46000,50
Lee,Armstrong,61806 Tanya Drive Apt. 223 Patriciaview. NY 34378,75000,23
Joshua,Jones,40118 Nash Roads South Aliciafort. VA 02713,92000,27
Emily,Carpenter,9325 John Glens West Jeremy. DE 35114,94000,27
Anthony,Palmer,185 Andrew Canyon Port Mariahbury. ME 51909,71000,38
John,Ayers,2242 Kimberly Hollow Davisburgh. CO 14780,119000,30
Katie,Lewis,120 Rivera Burg Suite 402 New Karaburgh. WY 53930,108000,25
Sandra,Mullen,3156 Padilla Throughway Port Debra. NJ 04835,62000,57
Yesenia,Powell,2907 Thompson Fall West Stevenberg. IL 82759,48000,45
Daniel,Hartman,7016 Thomas Mission New Jameshaven. IA 06380,83000,33
Finbar,Quigley,PSC 2170. Box 9565 APO AP 97945,78000,40
Gregory,Collins,1069 Gomez Villages Suite 423 Dawnville. NM 28396,67000,32
Nicholas,Jacobson,726 Tara Villages Port Calvin. KY 33749,99000,58
Lisa,White,992 Jenna Lake Suite 804 South Juliefurt. KS 17607,64000,57
Anthony,Miller,342 Richard Tunnel Jeremyland. NJ 19908,54000,19
Cynthia,Monroe,264 Gregory Cove Gomezside. AL 79334,36000,45
Joe,Munoz,03465 Hood Inlet Nicholasbury. KS 71976,37000,56
Sean,Olson,12933 Donna Rue Suite 332 Brownside. NY 09238,48000,18
Katherine,Hepburn,USNS Woodard FPO AP 26055,94000,40
Rebecca,Smith,583 Carlson Alley Suite 763 Lake Brenda. SC 51861,51000,42
Aaron,Drake,PSC 1484. Box 9592 APO AA 18363,112000,18
Calvin,Parker,032 Rogers Rest Kellyshire. MN 49535,138000,34
Kari,Watson,30172 Harper Stravenue Nunezmouth. TN 73317,54000,18
Teresa,Reid,880 Jessica Tunnel Smithshire. KS 95269,34000,59
Louis,Sanchez,12024 Wagner Gardens Suite 985 Lake William. NM 64864,34000,19
Amy,Green,588 Russell Fort Apt. 365 South Davidview. IA 47349,112000,55
Justin,Johnson,1615 Wright Common Suite 822 Robertmouth. PA 28323,63000,41
Tiffany,Washington,6410 Matthew Rue Suite 683 West Shariland. OK 58480,39000,18
Aaron,Johnson,39128 Barrett Locks Floresport. WI 06585,83000,31
Kevin,Hutchinson,65339 Berger Pine Kristinastad. MO 94419,89000,20
Bob,Ogden,52563 Wolfe Highway New Brentbury. DC 75605,50000,46
Ian,Smith,824 Jennifer Park Suite 317 Lake Tammymouth. NC 72681,50000,61
Dedalus,Diggle,876 Buchanan Coves South Matthew. MI 74815,43000,41
Keith,Baker,134 Randall Port Bookerview. KY 98444,61000,45
Cho,Chang,9399 John Hollow New Derrick. IA 67208,39000,24
Augustus,Rookwood,8441 Lam Hills Apt. 819 New Kathleen. AK 28913,31000,31
Kristy,Smith,PSC 3864. Box 6375 APO AP 50177,43000,57
Matthew,Williams,5950 Laurie Parkway West Jennifer. NH 96797,116000,29
Brittany,Gonzalez,690 Moon Turnpike Lake Christopherport. NV 19771,89000,33
Theresa,Barton,1470 Brian Center Apt. 330 West Sylvia. TN 60442,57000,54
Ronald,Gonzalez,124 Robin Islands Lake Francesfort. TX 98920,116000,47
Raymond,Horton,125 Johnson Corner South Kelsey. MT 57962,136000,37
Cheryl,Mclaughlin,1123 Logan Avenue West Billychester. IA 16817,54000,64
Jessica,Rollins,007 Kelly Estate Ashleeshire. MD 49815,59000,19
Jonathan,Gates,6054 Justin Freeway Sanchezland. AZ 72691,78000,38
Christopher,Franklin,52208 James Row East Anthonyfurt. AL 45312,41000,32
Rhonda,James,0014 Burgess View Millerstad. IA 91816,95000,21
April,Rice,588 Jonathan Circle Allisonton. MO 11099,104000,46
Bonawentura,WÃ³jcik,Unit 9637 Box 7328 DPO AE 59638,106000,20
Jacqueline,Davies,2320 Sarah Radial Theresaborough. DE 56072,125000,40
Tanya,Foster,8203 William Oval Hawkinsport. NE 75363,61000,39
Kevin,Scott,42187 Russell Pass Apt. 078 Timothyshire. VA 18494,41000,21
Matthew,Park,64889 Valencia Cliffs Suite 062 South Bryanchester. OK 59257,62000,37
Corey,Price,581 Powell Way Lake Emilyland. KY 82234,37000,58
Timothy,Wright,260 Cheryl Street Suite 752 Joseborough. ND 49197,123000,23
Aaron,Washington,377 Allison Walk Apt. 030 North Michelle. NE 65040,36000,23
Amy,Woods,870 Thompson Lights Apt. 944 Josefurt. RI 81085,109000,41
Tiffany,Bernard,045 Terri Manors North Michealport. DC 96675,52000,52
Briana,Stanley,300 Payne Pike Travisberg. SC 85227,87000,46
Kevin,Silva,9196 Brittany Isle Reedburgh. OK 11875,52000,23
Matthew,Hawkins,157 Martinez Wells Port Frederickmouth. CA 82177,52000,21
Brittany,Myers,PSC 2408. Box 1022 APO AP 46626,108000,60
Pamela,Hill,74696 Pitts Trace Johnsonland. OR 78201,83000,34
Abigail,Moss,5180 Nelson Crest Suite 574 South Annaside. CT 27455,32000,45
Jeremy,Mcconnell,6126 Michael Canyon Apt. 857 Colleenmouth. SC 86041,43000,47
Lisa,Hamilton,7968 Turner Dam Suite 887 Hollyburgh. MO 21714,90000,40
Kimberly,Brown,287 West Mission Taylorstad. IA 25529,102000,28
Morgan,Murray,98977 Gonzalez Cove Suite 942 New Robertshire. WV 80858,38000,22
Judy,Sampson,89517 King Extension Kathrynport. KS 41196,117000,31
Kelly,Pollard,620 Weaver River Apt. 413 New Paulburgh. KS 72353,90000,60
Darryl,Thompson,6558 Shane Corner Ronnieburgh. WY 59859,122000,21
John,Riddle,54486 Elizabeth Plains Suite 656 New Jasonbury. NM 40513,87000,29
Billie,Holiday,9388 White Well Bergland. MS 65716,51000,35
Ryan,Raymond,10535 Vincent Knoll Suite 441 Elizabethfort. WY 64043,93000,49
Michelle,Smith,8989 Murphy Knolls Suite 545 North Kari. NV 76439,70000,19
Donna,Snyder,6387 Peters Fort Suite 566 Clinefort. LA 65424,85000,24
David,Jones,64833 Freeman Canyon Valerieville. AZ 81813,117000,18
John,Alexander,39914 Smith Valley Andrewport. WV 71931,74000,27
Deanna,Ruiz,58110 Marco Plaza West Peggy. MS 56955,99000,54
David,Harris,77911 Pamela Rapids South Stephenburgh. ME 36492,77000,57
Iolanthe,Peverell,261 Salazar Lake Gregorymouth. OH 00992,60000,24
Jonathan,Flores,PSC 2753. Box 8310 APO AA 20732,61000,51
Christopher,Mccarthy,6520 Justin Cove Suite 021 Jonesborough. MT 17318,76000,48
Betty,Schmidt,87869 Kathryn Forest Lake Dorisview. UT 56751,62000,19
Gregory,Allen,66197 Dana Spring Suite 290 Debraport. NH 53854,117000,24
Courtney,Rosales,6186 Brian Park Apt. 644 Carolinetown. MD 69288,103000,31
Jennifer,Smith,28854 Ana Neck East Earlland. NY 49676,42000,49
Christopher,Peterson,31156 Kristi Circles Port Randallview. NM 97666,72000,21
Cheryl,Ortega,Unit 5146 Box 5308 DPO AP 37070,52000,22
Jeffrey,Scott,04743 Barbara Lodge Brownmouth. MI 07722,71000,39
Brian,Bryan,62729 Fischer Mews Apt. 544 Joycechester. OR 36730,86000,22
Cynthia,Townsend,6876 Maldonado Road Apt. 004 West Davidville. WY 42400,41000,32
Morgan,Rubio,57423 Carolyn Walks Apt. 257 East Martinstad. TN 90553,79000,26
John,Stanton,769 Watts Walks Apt. 157 South David. OH 95618,94000,53
Bonnie,Cantu,24528 Kelley Plaza Andrewville. MI 15677,48000,33
Bradley,Lewis,89190 Clayton Mountain Ryanview. LA 72936,33000,55
Laura,Hayes,PSC 9746. Box 1235 APO AE 68962,82000,18
Chase,George,09392 Carolyn Hollow Suite 473 East Markville. MD 58232,130000,45
Alicia,Spinnet,6959 Taylor Flats Apt. 220 Jordanbury. GA 09147,75000,21
Jennifer,Morgan,832 Willis Lake Port Erikaport. MI 07866,61000,36
Maria,Mitchell,27231 Shawn Light New Nicholas. FL 08280,34000,30
Erin,Anderson,2953 Jeremy Extension Benjaminland. VA 98027,94000,23
Sudanese,Obscurial,82038 Cassie Dam Suite 492 Jonathanfurt. TX 24100,43000,30
Katelyn,Roach,2177 Bradley Rapid Lake Davidborough. NJ 71426,60000,44
Jonathan,Green,19500 Hart Knolls Apt. 329 Melindaton. CT 97164,67000,21
James,Collins,99841 Salinas Skyway Justinshire. NV 62546,57000,19
Timothy,Edwards,62312 Dustin Lodge Suite 592 North Isabel. IN 12813,73000,25
Elizabeth,Lin,98687 Matthews Manor Justinborough. KS 78368,84000,61
David,Wagner,PSC 8054. Box 1098 APO AP 68234,67000,21
Sonya,Williams,043 Brown Greens Gutierrezberg. NE 83459,36000,35
Joseph,Davis,5803 Carlson Tunnel Lake Linda. SC 97069,84000,33
Melissa,Anderson,23679 Christina Estates Lake Lauraton. NM 44448,68000,30
Laura,Floyd,7736 Maria Pike Apt. 553 Howardton. NY 43545,52000,26
Eric,Ryan,318 Calderon Trail Emilychester. NH 84328,91000,21
Armenian,warlock,Unit 7180 Box 6692 DPO AP 21373,114000,49
Darrell,Gonzalez,0110 James Glens Suite 599 South Isaacland. MD 07700,34000,34
Mirabella,Plunkett,058 Yvette Tunnel Apt. 914 New Daniel. ND 69920,47000,22
Erica,Hunt,8396 Elizabeth Brooks Johnsonville. HI 53162,101000,45
Charles,Richards,89445 Laura Valleys Port Lauramouth. DE 06176,75000,32
Lech,Walesa,4609 Adams Green Suite 628 New Alyssa. VA 64076,105000,22
Jeanette,Johnson,6755 Bell Spring Suite 686 East Thomas. WA 37246,30000,35
Erin,Collier,357 Torres Trail Millerhaven. LA 03148,44000,57
Paul,Williams,4818 Kathleen Ways Apt. 083 West Joseph. RI 67319,59000,34
Sara,Woodard,64243 Kyle Manors Suite 020 Johnfort. WI 46172,31000,28
Helga,Hufflepuff,544 Gomez Light New Johnside. AK 55720,62000,25
Alexandria,Bell,1709 Sandra Pine Apt. 149 South Willie. OR 83416,42000,27
